{
  "options": [
    {
      "enabled": false,
      "definition": {
        "id": "5d58cc01-7c75-450c-be18-a388ddb129ec"
      },
      "inputs": {
        "branchFilters": "[\"+refs/heads/*\"]",
        "additionalFields": "{}"
      }
    },
    {
      "enabled": false,
      "definition": {
        "id": "a9db38f9-9fdc-478c-b0f9-464221e58316"
      },
      "inputs": {
        "workItemType": "597924",
        "assignToRequestor": "true",
        "additionalFields": "{}"
      }
    },
    {
      "enabled": false,
      "definition": {
        "id": "57578776-4c22-4526-aeb0-86b6da17ee9c"
      },
      "inputs": {}
    }
  ],
  "triggers": [
    {
      "branchFilters": [
        "+refs/heads/master"
      ],
      "pathFilters": [],
      "batchChanges": true,
      "maxConcurrentBuildsPerBranch": 1,
      "pollingInterval": 0,
      "triggerType": 2
    }
  ],
  "variables": {
    "system.debug": {
      "value": "false",
      "allowOverride": true
    }
  },
  "retentionRules": [
    {
      "branches": [
        "+refs/heads/*"
      ],
      "artifacts": [],
      "artifactTypesToDelete": [
        "FilePath",
        "SymbolStore"
      ],
      "daysToKeep": 10,
      "minimumToKeep": 1,
      "deleteBuildRecord": true,
      "deleteTestResults": true
    }
  ],
  "metrics": [
    {
      "name": "CurrentBuildsInQueue",
      "scope": "refs/heads/master",
      "intValue": 0
    },
    {
      "name": "CurrentBuildsInProgress",
      "scope": "refs/heads/master",
      "intValue": 0
    },
    {
      "name": "CanceledBuilds",
      "scope": "refs/heads/master",
      "intValue": 0,
      "date": "2017-11-26T00:00:00.000Z"
    },
    {
      "name": "FailedBuilds",
      "scope": "refs/heads/master",
      "intValue": 0,
      "date": "2017-11-26T00:00:00.000Z"
    },
    {
      "name": "PartiallySuccessfulBuilds",
      "scope": "refs/heads/master",
      "intValue": 0,
      "date": "2017-11-26T00:00:00.000Z"
    },
    {
      "name": "SuccessfulBuilds",
      "scope": "refs/heads/master",
      "intValue": 3,
      "date": "2017-11-26T00:00:00.000Z"
    },
    {
      "name": "TotalBuilds",
      "scope": "refs/heads/master",
      "intValue": 3,
      "date": "2017-11-26T00:00:00.000Z"
    }
  ],
  "_links": {
    "self": {
      "href": "https://mollwe.visualstudio.com/02cd26b8-55c0-4a0f-807a-46395dc1f73d/_apis/build/Definitions/4"
    },
    "web": {
      "href": "https://mollwe.visualstudio.com/_permalink/_build/index?collectionId=b8eacb30-87df-46a3-a760-f0c89f27d9fe&projectId=02cd26b8-55c0-4a0f-807a-46395dc1f73d&definitionId=4"
    },
    "editor": {
      "href": "https://mollwe.visualstudio.com/_permalink/_build/definitionEditor?collectionId=b8eacb30-87df-46a3-a760-f0c89f27d9fe&projectId=02cd26b8-55c0-4a0f-807a-46395dc1f73d&definitionId=4"
    }
  },
  "jobAuthorizationScope": 1,
  "jobTimeoutInMinutes": 60,
  "jobCancelTimeoutInMinutes": 5,
  "process": {
    "phases": [
      {
        "dependencies": [],
        "steps": [
          {
            "environment": {},
            "enabled": true,
            "continueOnError": false,
            "alwaysRun": false,
            "displayName": "npm install -g hexo-cli",
            "timeoutInMinutes": 0,
            "condition": "succeeded()",
            "refName": "Npm1",
            "task": {
              "id": "fe47e961-9fa8-4106-8639-368c022d43ad",
              "versionSpec": "1.*",
              "definitionType": "task"
            },
            "inputs": {
              "command": "custom",
              "workingDir": "",
              "verbose": "false",
              "customCommand": "install -g hexo-cli",
              "customRegistry": "useNpmrc",
              "customFeed": "",
              "customEndpoint": "",
              "publishRegistry": "useExternalRegistry",
              "publishFeed": "",
              "publishEndpoint": ""
            }
          },
          {
            "environment": {},
            "enabled": true,
            "continueOnError": false,
            "alwaysRun": false,
            "displayName": "npm install",
            "timeoutInMinutes": 0,
            "condition": "succeeded()",
            "refName": "Npm2",
            "task": {
              "id": "fe47e961-9fa8-4106-8639-368c022d43ad",
              "versionSpec": "1.*",
              "definitionType": "task"
            },
            "inputs": {
              "command": "install",
              "workingDir": "",
              "verbose": "false",
              "customCommand": "",
              "customRegistry": "useNpmrc",
              "customFeed": "",
              "customEndpoint": "",
              "publishRegistry": "useExternalRegistry",
              "publishFeed": "",
              "publishEndpoint": ""
            }
          },
          {
            "environment": {},
            "enabled": true,
            "continueOnError": false,
            "alwaysRun": false,
            "displayName": "hexo generate",
            "timeoutInMinutes": 0,
            "condition": "succeeded()",
            "refName": "CmdLine3",
            "task": {
              "id": "d9bafed4-0b18-4f58-968d-86655b4d2ce9",
              "versionSpec": "1.*",
              "definitionType": "task"
            },
            "inputs": {
              "filename": "C:\\Program Files\nodejs\node.exe",
              "arguments": "C:\\NPM\\Modules\node_modules\\hexo-cli\bin\\hexo generate",
              "workingFolder": "",
              "failOnStandardError": "true"
            }
          },
          {
            "environment": {},
            "enabled": true,
            "continueOnError": false,
            "alwaysRun": false,
            "displayName": "Publish Artifact: drop",
            "timeoutInMinutes": 0,
            "condition": "succeeded()",
            "refName": "PublishBuildArtifacts4",
            "task": {
              "id": "2ff763a7-ce83-4e1f-bc89-0ae63477cebe",
              "versionSpec": "1.*",
              "definitionType": "task"
            },
            "inputs": {
              "PathtoPublish": "public",
              "ArtifactName": "drop",
              "ArtifactType": "Container",
              "TargetPath": "\\\\my\\share\\$(Build.DefinitionName)\\$(Build.BuildNumber)",
              "Parallel": "false",
              "ParallelCount": "8"
            }
          },
          {
            "environment": {},
            "enabled": true,
            "continueOnError": false,
            "alwaysRun": false,
            "displayName": "Publish Artifact: ssh",
            "timeoutInMinutes": 0,
            "condition": "succeeded()",
            "refName": "PublishBuildArtifacts1",
            "task": {
              "id": "2ff763a7-ce83-4e1f-bc89-0ae63477cebe",
              "versionSpec": "1.*",
              "definitionType": "task"
            },
            "inputs": {
              "PathtoPublish": ".ssh",
              "ArtifactName": "ssh",
              "ArtifactType": "Container",
              "TargetPath": "\\\\my\\share\\$(Build.DefinitionName)\\$(Build.BuildNumber)",
              "Parallel": "false",
              "ParallelCount": "8"
            }
          }
        ],
        "variables": {},
        "name": "Phase 1",
        "target": {
          "demands": [],
          "executionOptions": {
            "type": 0
          },
          "allowScriptsAuthAccessOption": false,
          "type": 1
        },
        "jobAuthorizationScope": "projectCollection",
        "jobCancelTimeoutInMinutes": 1
      }
    ],
    "type": 1
  },
  "repository": {
    "properties": {
      "cleanOptions": "0",
      "labelSources": "0",
      "labelSourcesFormat": "$(build.buildNumber)",
      "reportBuildStatus": "true",
      "gitLfsSupport": "false",
      "skipSyncSource": "false",
      "checkoutNestedSubmodules": "false",
      "fetchDepth": "0"
    },
    "id": "afad78d7-0876-47c5-a071-87de21ccad13",
    "type": "TfsGit",
    "name": "mollwhexo",
    "url": "https://mollwe.visualstudio.com/_git/mollwhexo",
    "defaultBranch": "refs/heads/master",
    "clean": "false",
    "checkoutSubmodules": false
  },
  "processParameters": {},
  "quality": 1,
  "authoredBy": {
    "id": "638409aa-f4ae-4d30-9a10-e7314326b9fd",
    "displayName": "Adam Ydenius",
    "uniqueName": "adam.ydenius@outlook.com",
    "url": "https://app.vssps.visualstudio.com/Ad2287715-f217-4b1a-9b5e-48b7357fecfa/_apis/Identities/638409aa-f4ae-4d30-9a10-e7314326b9fd",
    "imageUrl": "https://mollwe.visualstudio.com/_api/_common/identityImage?id=638409aa-f4ae-4d30-9a10-e7314326b9fd"
  },
  "drafts": [],
  "queue": {
    "id": 21,
    "name": "Hosted",
    "pool": {
      "id": 2,
      "name": "Hosted",
      "isHosted": true
    }
  },
  "id": 4,
  "name": "mollwhexo-CI",
  "url": "https://mollwe.visualstudio.com/02cd26b8-55c0-4a0f-807a-46395dc1f73d/_apis/build/Definitions/4",
  "uri": "vstfs:///Build/Definition/4",
  "path": "\\",
  "type": 2,
  "queueStatus": 0,
  "revision": 5,
  "createdDate": "2017-11-27T18:14:19.333Z",
  "project": {
    "id": "02cd26b8-55c0-4a0f-807a-46395dc1f73d",
    "name": "mollwhexo",
    "url": "https://mollwe.visualstudio.com/_apis/projects/02cd26b8-55c0-4a0f-807a-46395dc1f73d",
    "state": "wellFormed",
    "revision": 378036440,
    "visibility": 0
  }
}